motion,video_name,video_path
backhand2hands,p11_backhand2h_s1.avi,THETIS\VIDEO_RGB\backhand2hands\p11_backhand2h_s1.avi
backhand2hands,p11_backhand2h_s2.avi,THETIS\VIDEO_RGB\backhand2hands\p11_backhand2h_s2.avi
backhand2hands,p11_backhand2h_s3.avi,THETIS\VIDEO_RGB\backhand2hands\p11_backhand2h_s3.avi
backhand2hands,p13_backhand2h_s3.avi,THETIS\VIDEO_RGB\backhand2hands\p13_backhand2h_s3.avi
backhand2hands,p14_backhand2h_s1.avi,THETIS\VIDEO_RGB\backhand2hands\p14_backhand2h_s1.avi
backhand2hands,p14_backhand2h_s2.avi,THETIS\VIDEO_RGB\backhand2hands\p14_backhand2h_s2.avi
backhand2hands,p14_backhand2h_s3.avi,THETIS\VIDEO_RGB\backhand2hands\p14_backhand2h_s3.avi
backhand2hands,p15_backhand2h_s1.avi,THETIS\VIDEO_RGB\backhand2hands\p15_backhand2h_s1.avi
backhand2hands,p15_backhand2h_s2.avi,THETIS\VIDEO_RGB\backhand2hands\p15_backhand2h_s2.avi
backhand2hands,p15_backhand2h_s3.avi,THETIS\VIDEO_RGB\backhand2hands\p15_backhand2h_s3.avi
backhand2hands,p18_backhand2h_s3.avi,THETIS\VIDEO_RGB\backhand2hands\p18_backhand2h_s3.avi
backhand2hands,p1_backhand2h_s1.avi,THETIS\VIDEO_RGB\backhand2hands\p1_backhand2h_s1.avi
backhand2hands,p1_backhand2h_s2.avi,THETIS\VIDEO_RGB\backhand2hands\p1_backhand2h_s2.avi
backhand2hands,p1_backhand2h_s3.avi,THETIS\VIDEO_RGB\backhand2hands\p1_backhand2h_s3.avi
backhand2hands,p20_backhand2h_s1.avi,THETIS\VIDEO_RGB\backhand2hands\p20_backhand2h_s1.avi
backhand2hands,p20_backhand2h_s2.avi,THETIS\VIDEO_RGB\backhand2hands\p20_backhand2h_s2.avi
backhand2hands,p20_backhand2h_s3.avi,THETIS\VIDEO_RGB\backhand2hands\p20_backhand2h_s3.avi
backhand2hands,p21_backhand2h_s1.avi,THETIS\VIDEO_RGB\backhand2hands\p21_backhand2h_s1.avi
backhand2hands,p21_backhand2h_s2.avi,THETIS\VIDEO_RGB\backhand2hands\p21_backhand2h_s2.avi
backhand2hands,p21_backhand2h_s3.avi,THETIS\VIDEO_RGB\backhand2hands\p21_backhand2h_s3.avi
backhand2hands,p22_backhand2h_s1.avi,THETIS\VIDEO_RGB\backhand2hands\p22_backhand2h_s1.avi
backhand2hands,p22_backhand2h_s2.avi,THETIS\VIDEO_RGB\backhand2hands\p22_backhand2h_s2.avi
backhand2hands,p22_backhand2h_s3.avi,THETIS\VIDEO_RGB\backhand2hands\p22_backhand2h_s3.avi
backhand2hands,p24_backhand2h_s1.avi,THETIS\VIDEO_RGB\backhand2hands\p24_backhand2h_s1.avi
backhand2hands,p24_backhand2h_s2.avi,THETIS\VIDEO_RGB\backhand2hands\p24_backhand2h_s2.avi
backhand2hands,p24_backhand2h_s3.avi,THETIS\VIDEO_RGB\backhand2hands\p24_backhand2h_s3.avi
backhand2hands,p25_backhand2h_s1.avi,THETIS\VIDEO_RGB\backhand2hands\p25_backhand2h_s1.avi
backhand2hands,p25_backhand2h_s2.avi,THETIS\VIDEO_RGB\backhand2hands\p25_backhand2h_s2.avi
backhand2hands,p25_backhand2h_s3.avi,THETIS\VIDEO_RGB\backhand2hands\p25_backhand2h_s3.avi
backhand2hands,p2_backhand2h_s1.avi,THETIS\VIDEO_RGB\backhand2hands\p2_backhand2h_s1.avi
backhand2hands,p2_backhand2h_s2.avi,THETIS\VIDEO_RGB\backhand2hands\p2_backhand2h_s2.avi
backhand2hands,p2_backhand2h_s3.avi,THETIS\VIDEO_RGB\backhand2hands\p2_backhand2h_s3.avi
backhand2hands,p32_backhand2h_s3.avi,THETIS\VIDEO_RGB\backhand2hands\p32_backhand2h_s3.avi
backhand2hands,p33_backhand2h_s1.avi,THETIS\VIDEO_RGB\backhand2hands\p33_backhand2h_s1.avi
backhand2hands,p33_backhand2h_s2.avi,THETIS\VIDEO_RGB\backhand2hands\p33_backhand2h_s2.avi
backhand2hands,p33_backhand2h_s3.avi,THETIS\VIDEO_RGB\backhand2hands\p33_backhand2h_s3.avi
backhand2hands,p34_backhand2h_s1.avi,THETIS\VIDEO_RGB\backhand2hands\p34_backhand2h_s1.avi
backhand2hands,p34_backhand2h_s2.avi,THETIS\VIDEO_RGB\backhand2hands\p34_backhand2h_s2.avi
backhand2hands,p34_backhand2h_s3.avi,THETIS\VIDEO_RGB\backhand2hands\p34_backhand2h_s3.avi
backhand2hands,p35_backhand2h_s1.avi,THETIS\VIDEO_RGB\backhand2hands\p35_backhand2h_s1.avi
backhand2hands,p35_backhand2h_s2.avi,THETIS\VIDEO_RGB\backhand2hands\p35_backhand2h_s2.avi
backhand2hands,p35_backhand2h_s3.avi,THETIS\VIDEO_RGB\backhand2hands\p35_backhand2h_s3.avi
backhand2hands,p36_backhand2h_s3.avi,THETIS\VIDEO_RGB\backhand2hands\p36_backhand2h_s3.avi
backhand2hands,p38_backhand2h_s1.avi,THETIS\VIDEO_RGB\backhand2hands\p38_backhand2h_s1.avi
backhand2hands,p38_backhand2h_s2.avi,THETIS\VIDEO_RGB\backhand2hands\p38_backhand2h_s2.avi
backhand2hands,p38_backhand2h_s3.avi,THETIS\VIDEO_RGB\backhand2hands\p38_backhand2h_s3.avi
backhand2hands,p39_backhand2h_s1.avi,THETIS\VIDEO_RGB\backhand2hands\p39_backhand2h_s1.avi
backhand2hands,p39_backhand2h_s2.avi,THETIS\VIDEO_RGB\backhand2hands\p39_backhand2h_s2.avi
backhand2hands,p39_backhand2h_s3.avi,THETIS\VIDEO_RGB\backhand2hands\p39_backhand2h_s3.avi
backhand2hands,p40_backhand2h_s1.avi,THETIS\VIDEO_RGB\backhand2hands\p40_backhand2h_s1.avi
backhand2hands,p40_backhand2h_s2.avi,THETIS\VIDEO_RGB\backhand2hands\p40_backhand2h_s2.avi
backhand2hands,p40_backhand2h_s3.avi,THETIS\VIDEO_RGB\backhand2hands\p40_backhand2h_s3.avi
backhand2hands,p44_backhand2h_s1.avi,THETIS\VIDEO_RGB\backhand2hands\p44_backhand2h_s1.avi
backhand2hands,p44_backhand2h_s3.avi,THETIS\VIDEO_RGB\backhand2hands\p44_backhand2h_s3.avi
backhand2hands,p47_backhand2h_s1.avi,THETIS\VIDEO_RGB\backhand2hands\p47_backhand2h_s1.avi
backhand2hands,p47_backhand2h_s2.avi,THETIS\VIDEO_RGB\backhand2hands\p47_backhand2h_s2.avi
backhand2hands,p47_backhand2h_s3.avi,THETIS\VIDEO_RGB\backhand2hands\p47_backhand2h_s3.avi
backhand2hands,p4_backhand2h_s3.avi,THETIS\VIDEO_RGB\backhand2hands\p4_backhand2h_s3.avi
backhand2hands,p51_backhand2h_s2.avi,THETIS\VIDEO_RGB\backhand2hands\p51_backhand2h_s2.avi
backhand2hands,p51_backhand2h_s3.avi,THETIS\VIDEO_RGB\backhand2hands\p51_backhand2h_s3.avi
backhand2hands,p52_backhand2h_s1.avi,THETIS\VIDEO_RGB\backhand2hands\p52_backhand2h_s1.avi
backhand2hands,p52_backhand2h_s2.avi,THETIS\VIDEO_RGB\backhand2hands\p52_backhand2h_s2.avi
backhand2hands,p52_backhand2h_s3.avi,THETIS\VIDEO_RGB\backhand2hands\p52_backhand2h_s3.avi
backhand2hands,p5_backhand2h_s1.avi,THETIS\VIDEO_RGB\backhand2hands\p5_backhand2h_s1.avi
backhand2hands,p5_backhand2h_s2.avi,THETIS\VIDEO_RGB\backhand2hands\p5_backhand2h_s2.avi
backhand2hands,p5_backhand2h_s3.avi,THETIS\VIDEO_RGB\backhand2hands\p5_backhand2h_s3.avi
backhand2hands,p7_backhand2h_s1.avi,THETIS\VIDEO_RGB\backhand2hands\p7_backhand2h_s1.avi
backhand2hands,p7_backhand2h_s2.avi,THETIS\VIDEO_RGB\backhand2hands\p7_backhand2h_s2.avi
backhand2hands,p7_backhand2h_s3.avi,THETIS\VIDEO_RGB\backhand2hands\p7_backhand2h_s3.avi
backhand2hands,p8_backhand2h_s1.avi,THETIS\VIDEO_RGB\backhand2hands\p8_backhand2h_s1.avi
backhand2hands,p8_backhand2h_s2.avi,THETIS\VIDEO_RGB\backhand2hands\p8_backhand2h_s2.avi
backhand2hands,p8_backhand2h_s3.avi,THETIS\VIDEO_RGB\backhand2hands\p8_backhand2h_s3.avi
backhand,p12_backhand_s3.avi,THETIS\VIDEO_RGB\backhand\p12_backhand_s3.avi
backhand,p13_backhand_s1.avi,THETIS\VIDEO_RGB\backhand\p13_backhand_s1.avi
backhand,p13_backhand_s2.avi,THETIS\VIDEO_RGB\backhand\p13_backhand_s2.avi
backhand,p13_backhand_s3.avi,THETIS\VIDEO_RGB\backhand\p13_backhand_s3.avi
backhand,p14_backhand_s3.avi,THETIS\VIDEO_RGB\backhand\p14_backhand_s3.avi
backhand,p16_backhand_s1.avi,THETIS\VIDEO_RGB\backhand\p16_backhand_s1.avi
backhand,p17_backhand_s3.avi,THETIS\VIDEO_RGB\backhand\p17_backhand_s3.avi
backhand,p18_backhand_s1.avi,THETIS\VIDEO_RGB\backhand\p18_backhand_s1.avi
backhand,p18_backhand_s2.avi,THETIS\VIDEO_RGB\backhand\p18_backhand_s2.avi
backhand,p18_backhand_s3.avi,THETIS\VIDEO_RGB\backhand\p18_backhand_s3.avi
backhand,p20_backhand_s2.avi,THETIS\VIDEO_RGB\backhand\p20_backhand_s2.avi
backhand,p21_backhand_s1.avi,THETIS\VIDEO_RGB\backhand\p21_backhand_s1.avi
backhand,p21_backhand_s2.avi,THETIS\VIDEO_RGB\backhand\p21_backhand_s2.avi
backhand,p21_backhand_s3.avi,THETIS\VIDEO_RGB\backhand\p21_backhand_s3.avi
backhand,p22_backhand_s1.avi,THETIS\VIDEO_RGB\backhand\p22_backhand_s1.avi
backhand,p22_backhand_s2.avi,THETIS\VIDEO_RGB\backhand\p22_backhand_s2.avi
backhand,p22_backhand_s3.avi,THETIS\VIDEO_RGB\backhand\p22_backhand_s3.avi
backhand,p32_backhand_s1.avi,THETIS\VIDEO_RGB\backhand\p32_backhand_s1.avi
backhand,p32_backhand_s2.avi,THETIS\VIDEO_RGB\backhand\p32_backhand_s2.avi
backhand,p32_backhand_s3.avi,THETIS\VIDEO_RGB\backhand\p32_backhand_s3.avi
backhand,p33_backhand_s1.avi,THETIS\VIDEO_RGB\backhand\p33_backhand_s1.avi
backhand,p33_backhand_s2.avi,THETIS\VIDEO_RGB\backhand\p33_backhand_s2.avi
backhand,p33_backhand_s3.avi,THETIS\VIDEO_RGB\backhand\p33_backhand_s3.avi
backhand,p34_backhand_s1.avi,THETIS\VIDEO_RGB\backhand\p34_backhand_s1.avi
backhand,p34_backhand_s2.avi,THETIS\VIDEO_RGB\backhand\p34_backhand_s2.avi
backhand,p34_backhand_s3.avi,THETIS\VIDEO_RGB\backhand\p34_backhand_s3.avi
backhand,p35_backhand_s1.avi,THETIS\VIDEO_RGB\backhand\p35_backhand_s1.avi
backhand,p38_backhand_s1.avi,THETIS\VIDEO_RGB\backhand\p38_backhand_s1.avi
backhand,p38_backhand_s3.avi,THETIS\VIDEO_RGB\backhand\p38_backhand_s3.avi
backhand,p39_backhand_s1.avi,THETIS\VIDEO_RGB\backhand\p39_backhand_s1.avi
backhand,p39_backhand_s2.avi,THETIS\VIDEO_RGB\backhand\p39_backhand_s2.avi
backhand,p39_backhand_s3.avi,THETIS\VIDEO_RGB\backhand\p39_backhand_s3.avi
backhand,p40_backhand_s1.avi,THETIS\VIDEO_RGB\backhand\p40_backhand_s1.avi
backhand,p40_backhand_s2.avi,THETIS\VIDEO_RGB\backhand\p40_backhand_s2.avi
backhand,p40_backhand_s3.avi,THETIS\VIDEO_RGB\backhand\p40_backhand_s3.avi
backhand,p42_backhand_s1.avi,THETIS\VIDEO_RGB\backhand\p42_backhand_s1.avi
backhand,p42_backhand_s2.avi,THETIS\VIDEO_RGB\backhand\p42_backhand_s2.avi
backhand,p42_backhand_s3.avi,THETIS\VIDEO_RGB\backhand\p42_backhand_s3.avi
backhand,p43_backhand_s3.avi,THETIS\VIDEO_RGB\backhand\p43_backhand_s3.avi
backhand,p46_backhand_s1.avi,THETIS\VIDEO_RGB\backhand\p46_backhand_s1.avi
backhand,p46_backhand_s2.avi,THETIS\VIDEO_RGB\backhand\p46_backhand_s2.avi
backhand,p46_backhand_s3.avi,THETIS\VIDEO_RGB\backhand\p46_backhand_s3.avi
backhand,p47_backhand_s1.avi,THETIS\VIDEO_RGB\backhand\p47_backhand_s1.avi
backhand,p51_backhand_s1.avi,THETIS\VIDEO_RGB\backhand\p51_backhand_s1.avi
backhand,p5_backhand_s1.avi,THETIS\VIDEO_RGB\backhand\p5_backhand_s1.avi
backhand,p5_backhand_s2.avi,THETIS\VIDEO_RGB\backhand\p5_backhand_s2.avi
backhand,p5_backhand_s3.avi,THETIS\VIDEO_RGB\backhand\p5_backhand_s3.avi
backhand,p7_backhand_s1.avi,THETIS\VIDEO_RGB\backhand\p7_backhand_s1.avi
backhand,p7_backhand_s2.avi,THETIS\VIDEO_RGB\backhand\p7_backhand_s2.avi
backhand,p7_backhand_s3.avi,THETIS\VIDEO_RGB\backhand\p7_backhand_s3.avi
backhand,p8_backhand_s1.avi,THETIS\VIDEO_RGB\backhand\p8_backhand_s1.avi
backhand,p8_backhand_s2.avi,THETIS\VIDEO_RGB\backhand\p8_backhand_s2.avi
backhand,p8_backhand_s3.avi,THETIS\VIDEO_RGB\backhand\p8_backhand_s3.avi
backhand_slice,p13_bslice_s2.avi,THETIS\VIDEO_RGB\backhand_slice\p13_bslice_s2.avi
backhand_slice,p13_bslice_s3.avi,THETIS\VIDEO_RGB\backhand_slice\p13_bslice_s3.avi
backhand_slice,p14_bslice_s2.avi,THETIS\VIDEO_RGB\backhand_slice\p14_bslice_s2.avi
backhand_slice,p14_bslice_s3.avi,THETIS\VIDEO_RGB\backhand_slice\p14_bslice_s3.avi
backhand_slice,p17_bslice_s2.avi,THETIS\VIDEO_RGB\backhand_slice\p17_bslice_s2.avi
backhand_slice,p17_bslice_s3.avi,THETIS\VIDEO_RGB\backhand_slice\p17_bslice_s3.avi
backhand_slice,p19_bslice_s1.avi,THETIS\VIDEO_RGB\backhand_slice\p19_bslice_s1.avi
backhand_slice,p19_bslice_s2.avi,THETIS\VIDEO_RGB\backhand_slice\p19_bslice_s2.avi
backhand_slice,p19_bslice_s3.avi,THETIS\VIDEO_RGB\backhand_slice\p19_bslice_s3.avi
backhand_slice,p1_bslice_s1.avi,THETIS\VIDEO_RGB\backhand_slice\p1_bslice_s1.avi
backhand_slice,p1_bslice_s2.avi,THETIS\VIDEO_RGB\backhand_slice\p1_bslice_s2.avi
backhand_slice,p1_bslice_s3.avi,THETIS\VIDEO_RGB\backhand_slice\p1_bslice_s3.avi
backhand_slice,p20_bslice_s1.avi,THETIS\VIDEO_RGB\backhand_slice\p20_bslice_s1.avi
backhand_slice,p20_bslice_s2.avi,THETIS\VIDEO_RGB\backhand_slice\p20_bslice_s2.avi
backhand_slice,p20_bslice_s3.avi,THETIS\VIDEO_RGB\backhand_slice\p20_bslice_s3.avi
backhand_slice,p21_bslice_s1.avi,THETIS\VIDEO_RGB\backhand_slice\p21_bslice_s1.avi
backhand_slice,p21_bslice_s2.avi,THETIS\VIDEO_RGB\backhand_slice\p21_bslice_s2.avi
backhand_slice,p21_bslice_s3.avi,THETIS\VIDEO_RGB\backhand_slice\p21_bslice_s3.avi
backhand_slice,p22_bslice_s1.avi,THETIS\VIDEO_RGB\backhand_slice\p22_bslice_s1.avi
backhand_slice,p22_bslice_s2.avi,THETIS\VIDEO_RGB\backhand_slice\p22_bslice_s2.avi
backhand_slice,p24_bslice_s1.avi,THETIS\VIDEO_RGB\backhand_slice\p24_bslice_s1.avi
backhand_slice,p24_bslice_s2.avi,THETIS\VIDEO_RGB\backhand_slice\p24_bslice_s2.avi
backhand_slice,p24_bslice_s3.avi,THETIS\VIDEO_RGB\backhand_slice\p24_bslice_s3.avi
backhand_slice,p28_bslice_s3.avi,THETIS\VIDEO_RGB\backhand_slice\p28_bslice_s3.avi
backhand_slice,p2_bslice_s1.avi,THETIS\VIDEO_RGB\backhand_slice\p2_bslice_s1.avi
backhand_slice,p2_bslice_s2.avi,THETIS\VIDEO_RGB\backhand_slice\p2_bslice_s2.avi
backhand_slice,p2_bslice_s3.avi,THETIS\VIDEO_RGB\backhand_slice\p2_bslice_s3.avi
backhand_slice,p32_bslice_s1.avi,THETIS\VIDEO_RGB\backhand_slice\p32_bslice_s1.avi
backhand_slice,p32_bslice_s2.avi,THETIS\VIDEO_RGB\backhand_slice\p32_bslice_s2.avi
backhand_slice,p32_bslice_s3.avi,THETIS\VIDEO_RGB\backhand_slice\p32_bslice_s3.avi
backhand_slice,p33_bslice_s1.avi,THETIS\VIDEO_RGB\backhand_slice\p33_bslice_s1.avi
backhand_slice,p33_bslice_s2.avi,THETIS\VIDEO_RGB\backhand_slice\p33_bslice_s2.avi
backhand_slice,p33_bslice_s3.avi,THETIS\VIDEO_RGB\backhand_slice\p33_bslice_s3.avi
backhand_slice,p34_bslice_s1.avi,THETIS\VIDEO_RGB\backhand_slice\p34_bslice_s1.avi
backhand_slice,p34_bslice_s2.avi,THETIS\VIDEO_RGB\backhand_slice\p34_bslice_s2.avi
backhand_slice,p34_bslice_s3.avi,THETIS\VIDEO_RGB\backhand_slice\p34_bslice_s3.avi
backhand_slice,p35_bslice_s2.avi,THETIS\VIDEO_RGB\backhand_slice\p35_bslice_s2.avi
backhand_slice,p38_bslice_s1.avi,THETIS\VIDEO_RGB\backhand_slice\p38_bslice_s1.avi
backhand_slice,p38_bslice_s3.avi,THETIS\VIDEO_RGB\backhand_slice\p38_bslice_s3.avi
backhand_slice,p39_bslice_s1.avi,THETIS\VIDEO_RGB\backhand_slice\p39_bslice_s1.avi
backhand_slice,p39_bslice_s2.avi,THETIS\VIDEO_RGB\backhand_slice\p39_bslice_s2.avi
backhand_slice,p39_bslice_s3.avi,THETIS\VIDEO_RGB\backhand_slice\p39_bslice_s3.avi
backhand_slice,p3_bslice_s2.avi,THETIS\VIDEO_RGB\backhand_slice\p3_bslice_s2.avi
backhand_slice,p3_bslice_s3.avi,THETIS\VIDEO_RGB\backhand_slice\p3_bslice_s3.avi
backhand_slice,p42_bslice_s1.avi,THETIS\VIDEO_RGB\backhand_slice\p42_bslice_s1.avi
backhand_slice,p42_bslice_s2.avi,THETIS\VIDEO_RGB\backhand_slice\p42_bslice_s2.avi
backhand_slice,p42_bslice_s3.avi,THETIS\VIDEO_RGB\backhand_slice\p42_bslice_s3.avi
backhand_slice,p47_bslice_s1.avi,THETIS\VIDEO_RGB\backhand_slice\p47_bslice_s1.avi
backhand_slice,p47_bslice_s2.avi,THETIS\VIDEO_RGB\backhand_slice\p47_bslice_s2.avi
backhand_slice,p47_bslice_s3.avi,THETIS\VIDEO_RGB\backhand_slice\p47_bslice_s3.avi
backhand_slice,p51_bslice_s1.avi,THETIS\VIDEO_RGB\backhand_slice\p51_bslice_s1.avi
backhand_slice,p51_bslice_s2.avi,THETIS\VIDEO_RGB\backhand_slice\p51_bslice_s2.avi
backhand_slice,p51_bslice_s3.avi,THETIS\VIDEO_RGB\backhand_slice\p51_bslice_s3.avi
backhand_slice,p52_bslice_s1.avi,THETIS\VIDEO_RGB\backhand_slice\p52_bslice_s1.avi
backhand_slice,p52_bslice_s2.avi,THETIS\VIDEO_RGB\backhand_slice\p52_bslice_s2.avi
backhand_slice,p52_bslice_s3.avi,THETIS\VIDEO_RGB\backhand_slice\p52_bslice_s3.avi
backhand_slice,p5_bslice_s1.avi,THETIS\VIDEO_RGB\backhand_slice\p5_bslice_s1.avi
backhand_slice,p5_bslice_s2.avi,THETIS\VIDEO_RGB\backhand_slice\p5_bslice_s2.avi
backhand_slice,p5_bslice_s3.avi,THETIS\VIDEO_RGB\backhand_slice\p5_bslice_s3.avi
backhand_slice,p6_bslice_s2.avi,THETIS\VIDEO_RGB\backhand_slice\p6_bslice_s2.avi
backhand_slice,p7_bslice_s1.avi,THETIS\VIDEO_RGB\backhand_slice\p7_bslice_s1.avi
backhand_slice,p7_bslice_s2.avi,THETIS\VIDEO_RGB\backhand_slice\p7_bslice_s2.avi
backhand_slice,p7_bslice_s3.avi,THETIS\VIDEO_RGB\backhand_slice\p7_bslice_s3.avi
backhand_slice,p8_bslice_s1.avi,THETIS\VIDEO_RGB\backhand_slice\p8_bslice_s1.avi
backhand_slice,p8_bslice_s2.avi,THETIS\VIDEO_RGB\backhand_slice\p8_bslice_s2.avi
backhand_slice,p8_bslice_s3.avi,THETIS\VIDEO_RGB\backhand_slice\p8_bslice_s3.avi
backhand_volley,p13_bvolley_s1.avi,THETIS\VIDEO_RGB\backhand_volley\p13_bvolley_s1.avi
backhand_volley,p13_bvolley_s2.avi,THETIS\VIDEO_RGB\backhand_volley\p13_bvolley_s2.avi
backhand_volley,p13_bvolley_s3.avi,THETIS\VIDEO_RGB\backhand_volley\p13_bvolley_s3.avi
backhand_volley,p14_bvolley_s1.avi,THETIS\VIDEO_RGB\backhand_volley\p14_bvolley_s1.avi
backhand_volley,p14_bvolley_s2.avi,THETIS\VIDEO_RGB\backhand_volley\p14_bvolley_s2.avi
backhand_volley,p14_bvolley_s3.avi,THETIS\VIDEO_RGB\backhand_volley\p14_bvolley_s3.avi
backhand_volley,p18_bvolley_s1.avi,THETIS\VIDEO_RGB\backhand_volley\p18_bvolley_s1.avi
backhand_volley,p18_bvolley_s2.avi,THETIS\VIDEO_RGB\backhand_volley\p18_bvolley_s2.avi
backhand_volley,p18_bvolley_s3.avi,THETIS\VIDEO_RGB\backhand_volley\p18_bvolley_s3.avi
backhand_volley,p19_bvolley_s1.avi,THETIS\VIDEO_RGB\backhand_volley\p19_bvolley_s1.avi
backhand_volley,p19_bvolley_s2.avi,THETIS\VIDEO_RGB\backhand_volley\p19_bvolley_s2.avi
backhand_volley,p19_bvolley_s3.avi,THETIS\VIDEO_RGB\backhand_volley\p19_bvolley_s3.avi
backhand_volley,p20_bvolley_s1.avi,THETIS\VIDEO_RGB\backhand_volley\p20_bvolley_s1.avi
backhand_volley,p20_bvolley_s2.avi,THETIS\VIDEO_RGB\backhand_volley\p20_bvolley_s2.avi
backhand_volley,p20_bvolley_s3.avi,THETIS\VIDEO_RGB\backhand_volley\p20_bvolley_s3.avi
backhand_volley,p21_bvolley_s1.avi,THETIS\VIDEO_RGB\backhand_volley\p21_bvolley_s1.avi
backhand_volley,p21_bvolley_s2.avi,THETIS\VIDEO_RGB\backhand_volley\p21_bvolley_s2.avi
backhand_volley,p21_bvolley_s3.avi,THETIS\VIDEO_RGB\backhand_volley\p21_bvolley_s3.avi
backhand_volley,p22_bvolley_s1.avi,THETIS\VIDEO_RGB\backhand_volley\p22_bvolley_s1.avi
backhand_volley,p22_bvolley_s2.avi,THETIS\VIDEO_RGB\backhand_volley\p22_bvolley_s2.avi
backhand_volley,p22_bvolley_s3.avi,THETIS\VIDEO_RGB\backhand_volley\p22_bvolley_s3.avi
backhand_volley,p24_bvolley_s1.avi,THETIS\VIDEO_RGB\backhand_volley\p24_bvolley_s1.avi
backhand_volley,p25_bvolley_s2.avi,THETIS\VIDEO_RGB\backhand_volley\p25_bvolley_s2.avi
backhand_volley,p25_bvolley_s3.avi,THETIS\VIDEO_RGB\backhand_volley\p25_bvolley_s3.avi
backhand_volley,p2_bvolley_s1.avi,THETIS\VIDEO_RGB\backhand_volley\p2_bvolley_s1.avi
backhand_volley,p2_bvolley_s2.avi,THETIS\VIDEO_RGB\backhand_volley\p2_bvolley_s2.avi
backhand_volley,p2_bvolley_s3.avi,THETIS\VIDEO_RGB\backhand_volley\p2_bvolley_s3.avi
backhand_volley,p32_bvolley_s2.avi,THETIS\VIDEO_RGB\backhand_volley\p32_bvolley_s2.avi
backhand_volley,p32_bvolley_s3.avi,THETIS\VIDEO_RGB\backhand_volley\p32_bvolley_s3.avi
backhand_volley,p35_bvolley_s1.avi,THETIS\VIDEO_RGB\backhand_volley\p35_bvolley_s1.avi
backhand_volley,p35_bvolley_s2.avi,THETIS\VIDEO_RGB\backhand_volley\p35_bvolley_s2.avi
backhand_volley,p35_bvolley_s3.avi,THETIS\VIDEO_RGB\backhand_volley\p35_bvolley_s3.avi
backhand_volley,p36_bvolley_s1.avi,THETIS\VIDEO_RGB\backhand_volley\p36_bvolley_s1.avi
backhand_volley,p36_bvolley_s2.avi,THETIS\VIDEO_RGB\backhand_volley\p36_bvolley_s2.avi
backhand_volley,p36_bvolley_s3.avi,THETIS\VIDEO_RGB\backhand_volley\p36_bvolley_s3.avi
backhand_volley,p39_bvolley_s1.avi,THETIS\VIDEO_RGB\backhand_volley\p39_bvolley_s1.avi
backhand_volley,p39_bvolley_s2.avi,THETIS\VIDEO_RGB\backhand_volley\p39_bvolley_s2.avi
backhand_volley,p39_bvolley_s3.avi,THETIS\VIDEO_RGB\backhand_volley\p39_bvolley_s3.avi
backhand_volley,p40_bvolley_s1.avi,THETIS\VIDEO_RGB\backhand_volley\p40_bvolley_s1.avi
backhand_volley,p40_bvolley_s2.avi,THETIS\VIDEO_RGB\backhand_volley\p40_bvolley_s2.avi
backhand_volley,p40_bvolley_s3.avi,THETIS\VIDEO_RGB\backhand_volley\p40_bvolley_s3.avi
backhand_volley,p42_bvolley_s3.avi,THETIS\VIDEO_RGB\backhand_volley\p42_bvolley_s3.avi
backhand_volley,p43_bvolley_s1.avi,THETIS\VIDEO_RGB\backhand_volley\p43_bvolley_s1.avi
backhand_volley,p43_bvolley_s2.avi,THETIS\VIDEO_RGB\backhand_volley\p43_bvolley_s2.avi
backhand_volley,p43_bvolley_s3.avi,THETIS\VIDEO_RGB\backhand_volley\p43_bvolley_s3.avi
backhand_volley,p46_bvolley_s1.avi,THETIS\VIDEO_RGB\backhand_volley\p46_bvolley_s1.avi
backhand_volley,p51_bvolley_s1.avi,THETIS\VIDEO_RGB\backhand_volley\p51_bvolley_s1.avi
backhand_volley,p51_bvolley_s2.avi,THETIS\VIDEO_RGB\backhand_volley\p51_bvolley_s2.avi
backhand_volley,p52_bvolley_s1.avi,THETIS\VIDEO_RGB\backhand_volley\p52_bvolley_s1.avi
backhand_volley,p52_bvolley_s2.avi,THETIS\VIDEO_RGB\backhand_volley\p52_bvolley_s2.avi
backhand_volley,p52_bvolley_s3.avi,THETIS\VIDEO_RGB\backhand_volley\p52_bvolley_s3.avi
backhand_volley,p53_bvolley_s1.avi,THETIS\VIDEO_RGB\backhand_volley\p53_bvolley_s1.avi
backhand_volley,p53_bvolley_s2.avi,THETIS\VIDEO_RGB\backhand_volley\p53_bvolley_s2.avi
backhand_volley,p53_bvolley_s3.avi,THETIS\VIDEO_RGB\backhand_volley\p53_bvolley_s3.avi
backhand_volley,p7_bvolley_s1.avi,THETIS\VIDEO_RGB\backhand_volley\p7_bvolley_s1.avi
backhand_volley,p7_bvolley_s2.avi,THETIS\VIDEO_RGB\backhand_volley\p7_bvolley_s2.avi
backhand_volley,p7_bvolley_s3.avi,THETIS\VIDEO_RGB\backhand_volley\p7_bvolley_s3.avi
forehand_flat,p13_foreflat_s1.avi,THETIS\VIDEO_RGB\forehand_flat\p13_foreflat_s1.avi
forehand_flat,p13_foreflat_s2.avi,THETIS\VIDEO_RGB\forehand_flat\p13_foreflat_s2.avi
forehand_flat,p13_foreflat_s3.avi,THETIS\VIDEO_RGB\forehand_flat\p13_foreflat_s3.avi
forehand_flat,p15_foreflat_s3.avi,THETIS\VIDEO_RGB\forehand_flat\p15_foreflat_s3.avi
forehand_flat,p16_foreflat_s1.avi,THETIS\VIDEO_RGB\forehand_flat\p16_foreflat_s1.avi
forehand_flat,p16_foreflat_s2.avi,THETIS\VIDEO_RGB\forehand_flat\p16_foreflat_s2.avi
forehand_flat,p16_foreflat_s3.avi,THETIS\VIDEO_RGB\forehand_flat\p16_foreflat_s3.avi
forehand_flat,p17_foreflat_s1.avi,THETIS\VIDEO_RGB\forehand_flat\p17_foreflat_s1.avi
forehand_flat,p18_foreflat_s2.avi,THETIS\VIDEO_RGB\forehand_flat\p18_foreflat_s2.avi
forehand_flat,p1_foreflat_s1.avi,THETIS\VIDEO_RGB\forehand_flat\p1_foreflat_s1.avi
forehand_flat,p1_foreflat_s2.avi,THETIS\VIDEO_RGB\forehand_flat\p1_foreflat_s2.avi
forehand_flat,p1_foreflat_s3.avi,THETIS\VIDEO_RGB\forehand_flat\p1_foreflat_s3.avi
forehand_flat,p20_foreflat_s3.avi,THETIS\VIDEO_RGB\forehand_flat\p20_foreflat_s3.avi
forehand_flat,p21_foreflat_s1.avi,THETIS\VIDEO_RGB\forehand_flat\p21_foreflat_s1.avi
forehand_flat,p21_foreflat_s2.avi,THETIS\VIDEO_RGB\forehand_flat\p21_foreflat_s2.avi
forehand_flat,p21_foreflat_s3.avi,THETIS\VIDEO_RGB\forehand_flat\p21_foreflat_s3.avi
forehand_flat,p22_foreflat_s1.avi,THETIS\VIDEO_RGB\forehand_flat\p22_foreflat_s1.avi
forehand_flat,p22_foreflat_s2.avi,THETIS\VIDEO_RGB\forehand_flat\p22_foreflat_s2.avi
forehand_flat,p22_foreflat_s3.avi,THETIS\VIDEO_RGB\forehand_flat\p22_foreflat_s3.avi
forehand_flat,p28_foreflat_s2.avi,THETIS\VIDEO_RGB\forehand_flat\p28_foreflat_s2.avi
forehand_flat,p2_foreflat_s3.avi,THETIS\VIDEO_RGB\forehand_flat\p2_foreflat_s3.avi
forehand_flat,p32_foreflat_s3.avi,THETIS\VIDEO_RGB\forehand_flat\p32_foreflat_s3.avi
forehand_flat,p33_foreflat_s1.avi,THETIS\VIDEO_RGB\forehand_flat\p33_foreflat_s1.avi
forehand_flat,p33_foreflat_s2.avi,THETIS\VIDEO_RGB\forehand_flat\p33_foreflat_s2.avi
forehand_flat,p33_foreflat_s3.avi,THETIS\VIDEO_RGB\forehand_flat\p33_foreflat_s3.avi
forehand_flat,p34_foreflat_s1.avi,THETIS\VIDEO_RGB\forehand_flat\p34_foreflat_s1.avi
forehand_flat,p34_foreflat_s2.avi,THETIS\VIDEO_RGB\forehand_flat\p34_foreflat_s2.avi
forehand_flat,p34_foreflat_s3.avi,THETIS\VIDEO_RGB\forehand_flat\p34_foreflat_s3.avi
forehand_flat,p35_foreflat_s1.avi,THETIS\VIDEO_RGB\forehand_flat\p35_foreflat_s1.avi
forehand_flat,p35_foreflat_s2.avi,THETIS\VIDEO_RGB\forehand_flat\p35_foreflat_s2.avi
forehand_flat,p35_foreflat_s3.avi,THETIS\VIDEO_RGB\forehand_flat\p35_foreflat_s3.avi
forehand_flat,p37_foreflat_s1.avi,THETIS\VIDEO_RGB\forehand_flat\p37_foreflat_s1.avi
forehand_flat,p37_foreflat_s2.avi,THETIS\VIDEO_RGB\forehand_flat\p37_foreflat_s2.avi
forehand_flat,p37_foreflat_s3.avi,THETIS\VIDEO_RGB\forehand_flat\p37_foreflat_s3.avi
forehand_flat,p39_foreflat_s1.avi,THETIS\VIDEO_RGB\forehand_flat\p39_foreflat_s1.avi
forehand_flat,p39_foreflat_s2.avi,THETIS\VIDEO_RGB\forehand_flat\p39_foreflat_s2.avi
forehand_flat,p39_foreflat_s3.avi,THETIS\VIDEO_RGB\forehand_flat\p39_foreflat_s3.avi
forehand_flat,p41_foreflat_s1.avi,THETIS\VIDEO_RGB\forehand_flat\p41_foreflat_s1.avi
forehand_flat,p41_foreflat_s2.avi,THETIS\VIDEO_RGB\forehand_flat\p41_foreflat_s2.avi
forehand_flat,p42_foreflat_s1.avi,THETIS\VIDEO_RGB\forehand_flat\p42_foreflat_s1.avi
forehand_flat,p42_foreflat_s2.avi,THETIS\VIDEO_RGB\forehand_flat\p42_foreflat_s2.avi
forehand_flat,p42_foreflat_s3.avi,THETIS\VIDEO_RGB\forehand_flat\p42_foreflat_s3.avi
forehand_flat,p43_foreflat_s1.avi,THETIS\VIDEO_RGB\forehand_flat\p43_foreflat_s1.avi
forehand_flat,p43_foreflat_s2.avi,THETIS\VIDEO_RGB\forehand_flat\p43_foreflat_s2.avi
forehand_flat,p43_foreflat_s3.avi,THETIS\VIDEO_RGB\forehand_flat\p43_foreflat_s3.avi
forehand_flat,p46_foreflat_s2.avi,THETIS\VIDEO_RGB\forehand_flat\p46_foreflat_s2.avi
forehand_flat,p46_foreflat_s3.avi,THETIS\VIDEO_RGB\forehand_flat\p46_foreflat_s3.avi
forehand_flat,p47_foreflat_s2.avi,THETIS\VIDEO_RGB\forehand_flat\p47_foreflat_s2.avi
forehand_flat,p47_foreflat_s3.avi,THETIS\VIDEO_RGB\forehand_flat\p47_foreflat_s3.avi
forehand_flat,p48_foreflat_s1.avi,THETIS\VIDEO_RGB\forehand_flat\p48_foreflat_s1.avi
forehand_flat,p48_foreflat_s2.avi,THETIS\VIDEO_RGB\forehand_flat\p48_foreflat_s2.avi
forehand_flat,p48_foreflat_s3.avi,THETIS\VIDEO_RGB\forehand_flat\p48_foreflat_s3.avi
forehand_flat,p52_foreflat_s1.avi,THETIS\VIDEO_RGB\forehand_flat\p52_foreflat_s1.avi
forehand_flat,p52_foreflat_s2.avi,THETIS\VIDEO_RGB\forehand_flat\p52_foreflat_s2.avi
forehand_flat,p52_foreflat_s3.avi,THETIS\VIDEO_RGB\forehand_flat\p52_foreflat_s3.avi
forehand_flat,p5_foreflat_s1.avi,THETIS\VIDEO_RGB\forehand_flat\p5_foreflat_s1.avi
forehand_flat,p6_foreflat_s2.avi,THETIS\VIDEO_RGB\forehand_flat\p6_foreflat_s2.avi
forehand_flat,p7_foreflat_s1.avi,THETIS\VIDEO_RGB\forehand_flat\p7_foreflat_s1.avi
forehand_flat,p7_foreflat_s2.avi,THETIS\VIDEO_RGB\forehand_flat\p7_foreflat_s2.avi
forehand_openstands,p13_foreopen_s1.avi,THETIS\VIDEO_RGB\forehand_openstands\p13_foreopen_s1.avi
forehand_openstands,p15_foreopen_s2.avi,THETIS\VIDEO_RGB\forehand_openstands\p15_foreopen_s2.avi
forehand_openstands,p15_foreopen_s3.avi,THETIS\VIDEO_RGB\forehand_openstands\p15_foreopen_s3.avi
forehand_openstands,p1_foreopen_s1.avi,THETIS\VIDEO_RGB\forehand_openstands\p1_foreopen_s1.avi
forehand_openstands,p1_foreopen_s2.avi,THETIS\VIDEO_RGB\forehand_openstands\p1_foreopen_s2.avi
forehand_openstands,p1_foreopen_s3.avi,THETIS\VIDEO_RGB\forehand_openstands\p1_foreopen_s3.avi
forehand_openstands,p20_foreopen_s1.avi,THETIS\VIDEO_RGB\forehand_openstands\p20_foreopen_s1.avi
forehand_openstands,p20_foreopen_s2.avi,THETIS\VIDEO_RGB\forehand_openstands\p20_foreopen_s2.avi
forehand_openstands,p20_foreopen_s3.avi,THETIS\VIDEO_RGB\forehand_openstands\p20_foreopen_s3.avi
forehand_openstands,p21_foreopen_s1.avi,THETIS\VIDEO_RGB\forehand_openstands\p21_foreopen_s1.avi
forehand_openstands,p21_foreopen_s2.avi,THETIS\VIDEO_RGB\forehand_openstands\p21_foreopen_s2.avi
forehand_openstands,p21_foreopen_s3.avi,THETIS\VIDEO_RGB\forehand_openstands\p21_foreopen_s3.avi
forehand_openstands,p22_foreopen_s1.avi,THETIS\VIDEO_RGB\forehand_openstands\p22_foreopen_s1.avi
forehand_openstands,p22_foreopen_s2.avi,THETIS\VIDEO_RGB\forehand_openstands\p22_foreopen_s2.avi
forehand_openstands,p22_foreopen_s3.avi,THETIS\VIDEO_RGB\forehand_openstands\p22_foreopen_s3.avi
forehand_openstands,p24_foreopen_s3.avi,THETIS\VIDEO_RGB\forehand_openstands\p24_foreopen_s3.avi
forehand_openstands,p26_foreopen_s3.avi,THETIS\VIDEO_RGB\forehand_openstands\p26_foreopen_s3.avi
forehand_openstands,p29_foreopen_s1.avi,THETIS\VIDEO_RGB\forehand_openstands\p29_foreopen_s1.avi
forehand_openstands,p29_foreopen_s2.avi,THETIS\VIDEO_RGB\forehand_openstands\p29_foreopen_s2.avi
forehand_openstands,p29_foreopen_s3.avi,THETIS\VIDEO_RGB\forehand_openstands\p29_foreopen_s3.avi
forehand_openstands,p2_foreopen_s1.avi,THETIS\VIDEO_RGB\forehand_openstands\p2_foreopen_s1.avi
forehand_openstands,p2_foreopen_s2.avi,THETIS\VIDEO_RGB\forehand_openstands\p2_foreopen_s2.avi
forehand_openstands,p2_foreopen_s3.avi,THETIS\VIDEO_RGB\forehand_openstands\p2_foreopen_s3.avi
forehand_openstands,p33_foreopen_s3.avi,THETIS\VIDEO_RGB\forehand_openstands\p33_foreopen_s3.avi
forehand_openstands,p34_foreopen_s1.avi,THETIS\VIDEO_RGB\forehand_openstands\p34_foreopen_s1.avi
forehand_openstands,p34_foreopen_s2.avi,THETIS\VIDEO_RGB\forehand_openstands\p34_foreopen_s2.avi
forehand_openstands,p34_foreopen_s3.avi,THETIS\VIDEO_RGB\forehand_openstands\p34_foreopen_s3.avi
forehand_openstands,p35_foreopen_s1.avi,THETIS\VIDEO_RGB\forehand_openstands\p35_foreopen_s1.avi
forehand_openstands,p35_foreopen_s2.avi,THETIS\VIDEO_RGB\forehand_openstands\p35_foreopen_s2.avi
forehand_openstands,p35_foreopen_s3.avi,THETIS\VIDEO_RGB\forehand_openstands\p35_foreopen_s3.avi
forehand_openstands,p37_foreopen_s1.avi,THETIS\VIDEO_RGB\forehand_openstands\p37_foreopen_s1.avi
forehand_openstands,p37_foreopen_s2.avi,THETIS\VIDEO_RGB\forehand_openstands\p37_foreopen_s2.avi
forehand_openstands,p37_foreopen_s3.avi,THETIS\VIDEO_RGB\forehand_openstands\p37_foreopen_s3.avi
forehand_openstands,p39_foreopen_s1.avi,THETIS\VIDEO_RGB\forehand_openstands\p39_foreopen_s1.avi
forehand_openstands,p39_foreopen_s2.avi,THETIS\VIDEO_RGB\forehand_openstands\p39_foreopen_s2.avi
forehand_openstands,p39_foreopen_s3.avi,THETIS\VIDEO_RGB\forehand_openstands\p39_foreopen_s3.avi
forehand_openstands,p40_foreopen_s1.avi,THETIS\VIDEO_RGB\forehand_openstands\p40_foreopen_s1.avi
forehand_openstands,p42_foreopen_s1.avi,THETIS\VIDEO_RGB\forehand_openstands\p42_foreopen_s1.avi
forehand_openstands,p43_foreopen_s2.avi,THETIS\VIDEO_RGB\forehand_openstands\p43_foreopen_s2.avi
forehand_openstands,p43_foreopen_s3.avi,THETIS\VIDEO_RGB\forehand_openstands\p43_foreopen_s3.avi
forehand_openstands,p48_foreopen_s1.avi,THETIS\VIDEO_RGB\forehand_openstands\p48_foreopen_s1.avi
forehand_openstands,p48_foreopen_s3.avi,THETIS\VIDEO_RGB\forehand_openstands\p48_foreopen_s3.avi
forehand_openstands,p52_foreopen_s1.avi,THETIS\VIDEO_RGB\forehand_openstands\p52_foreopen_s1.avi
forehand_openstands,p52_foreopen_s2.avi,THETIS\VIDEO_RGB\forehand_openstands\p52_foreopen_s2.avi
forehand_openstands,p52_foreopen_s3.avi,THETIS\VIDEO_RGB\forehand_openstands\p52_foreopen_s3.avi
forehand_openstands,p6_foreopen_s2.avi,THETIS\VIDEO_RGB\forehand_openstands\p6_foreopen_s2.avi
forehand_openstands,p6_foreopen_s3.avi,THETIS\VIDEO_RGB\forehand_openstands\p6_foreopen_s3.avi
forehand_openstands,p7_foreopen_s1.avi,THETIS\VIDEO_RGB\forehand_openstands\p7_foreopen_s1.avi
forehand_openstands,p7_foreopen_s3.avi,THETIS\VIDEO_RGB\forehand_openstands\p7_foreopen_s3.avi
forehand_slice,p10_fslice_s2.avi,THETIS\VIDEO_RGB\forehand_slice\p10_fslice_s2.avi
forehand_slice,p13_fslice_s1.avi,THETIS\VIDEO_RGB\forehand_slice\p13_fslice_s1.avi
forehand_slice,p13_fslice_s2.avi,THETIS\VIDEO_RGB\forehand_slice\p13_fslice_s2.avi
forehand_slice,p13_fslice_s3.avi,THETIS\VIDEO_RGB\forehand_slice\p13_fslice_s3.avi
forehand_slice,p14_fslice_s1.avi,THETIS\VIDEO_RGB\forehand_slice\p14_fslice_s1.avi
forehand_slice,p14_fslice_s2.avi,THETIS\VIDEO_RGB\forehand_slice\p14_fslice_s2.avi
forehand_slice,p14_fslice_s3.avi,THETIS\VIDEO_RGB\forehand_slice\p14_fslice_s3.avi
forehand_slice,p15_fslice_s1.avi,THETIS\VIDEO_RGB\forehand_slice\p15_fslice_s1.avi
forehand_slice,p15_fslice_s2.avi,THETIS\VIDEO_RGB\forehand_slice\p15_fslice_s2.avi
forehand_slice,p19_fslice_s2.avi,THETIS\VIDEO_RGB\forehand_slice\p19_fslice_s2.avi
forehand_slice,p1_fslice_s1.avi,THETIS\VIDEO_RGB\forehand_slice\p1_fslice_s1.avi
forehand_slice,p1_fslice_s2.avi,THETIS\VIDEO_RGB\forehand_slice\p1_fslice_s2.avi
forehand_slice,p1_fslice_s3.avi,THETIS\VIDEO_RGB\forehand_slice\p1_fslice_s3.avi
forehand_slice,p20_fslice_s1.avi,THETIS\VIDEO_RGB\forehand_slice\p20_fslice_s1.avi
forehand_slice,p20_fslice_s2.avi,THETIS\VIDEO_RGB\forehand_slice\p20_fslice_s2.avi
forehand_slice,p20_fslice_s3.avi,THETIS\VIDEO_RGB\forehand_slice\p20_fslice_s3.avi
forehand_slice,p21_fslice_s1.avi,THETIS\VIDEO_RGB\forehand_slice\p21_fslice_s1.avi
forehand_slice,p21_fslice_s2.avi,THETIS\VIDEO_RGB\forehand_slice\p21_fslice_s2.avi
forehand_slice,p21_fslice_s3.avi,THETIS\VIDEO_RGB\forehand_slice\p21_fslice_s3.avi
forehand_slice,p22_fslice_s1.avi,THETIS\VIDEO_RGB\forehand_slice\p22_fslice_s1.avi
forehand_slice,p22_fslice_s2.avi,THETIS\VIDEO_RGB\forehand_slice\p22_fslice_s2.avi
forehand_slice,p22_fslice_s3.avi,THETIS\VIDEO_RGB\forehand_slice\p22_fslice_s3.avi
forehand_slice,p24_fslice_s1.avi,THETIS\VIDEO_RGB\forehand_slice\p24_fslice_s1.avi
forehand_slice,p24_fslice_s2.avi,THETIS\VIDEO_RGB\forehand_slice\p24_fslice_s2.avi
forehand_slice,p24_fslice_s3.avi,THETIS\VIDEO_RGB\forehand_slice\p24_fslice_s3.avi
forehand_slice,p26_fslice_s1.avi,THETIS\VIDEO_RGB\forehand_slice\p26_fslice_s1.avi
forehand_slice,p26_fslice_s2.avi,THETIS\VIDEO_RGB\forehand_slice\p26_fslice_s2.avi
forehand_slice,p28_fslice_s3.avi,THETIS\VIDEO_RGB\forehand_slice\p28_fslice_s3.avi
forehand_slice,p29_fslice_s2.avi,THETIS\VIDEO_RGB\forehand_slice\p29_fslice_s2.avi
forehand_slice,p29_fslice_s3.avi,THETIS\VIDEO_RGB\forehand_slice\p29_fslice_s3.avi
forehand_slice,p2_fslice_s1.avi,THETIS\VIDEO_RGB\forehand_slice\p2_fslice_s1.avi
forehand_slice,p2_fslice_s2.avi,THETIS\VIDEO_RGB\forehand_slice\p2_fslice_s2.avi
forehand_slice,p2_fslice_s3.avi,THETIS\VIDEO_RGB\forehand_slice\p2_fslice_s3.avi
forehand_slice,p31_fslice_s2.avi,THETIS\VIDEO_RGB\forehand_slice\p31_fslice_s2.avi
forehand_slice,p31_fslice_s3.avi,THETIS\VIDEO_RGB\forehand_slice\p31_fslice_s3.avi
forehand_slice,p32_fslice_s1.avi,THETIS\VIDEO_RGB\forehand_slice\p32_fslice_s1.avi
forehand_slice,p35_fslice_s1.avi,THETIS\VIDEO_RGB\forehand_slice\p35_fslice_s1.avi
forehand_slice,p35_fslice_s2.avi,THETIS\VIDEO_RGB\forehand_slice\p35_fslice_s2.avi
forehand_slice,p35_fslice_s3.avi,THETIS\VIDEO_RGB\forehand_slice\p35_fslice_s3.avi
forehand_slice,p39_fslice_s1.avi,THETIS\VIDEO_RGB\forehand_slice\p39_fslice_s1.avi
forehand_slice,p39_fslice_s2.avi,THETIS\VIDEO_RGB\forehand_slice\p39_fslice_s2.avi
forehand_slice,p39_fslice_s3.avi,THETIS\VIDEO_RGB\forehand_slice\p39_fslice_s3.avi
forehand_slice,p40_fslice_s3.avi,THETIS\VIDEO_RGB\forehand_slice\p40_fslice_s3.avi
forehand_slice,p42_fslice_s1.avi,THETIS\VIDEO_RGB\forehand_slice\p42_fslice_s1.avi
forehand_slice,p42_fslice_s2.avi,THETIS\VIDEO_RGB\forehand_slice\p42_fslice_s2.avi
forehand_slice,p43_fslice_s3.avi,THETIS\VIDEO_RGB\forehand_slice\p43_fslice_s3.avi
forehand_slice,p48_fslice_s1.avi,THETIS\VIDEO_RGB\forehand_slice\p48_fslice_s1.avi
forehand_slice,p48_fslice_s2.avi,THETIS\VIDEO_RGB\forehand_slice\p48_fslice_s2.avi
forehand_slice,p48_fslice_s3.avi,THETIS\VIDEO_RGB\forehand_slice\p48_fslice_s3.avi
forehand_slice,p4_fslice_s1.avi,THETIS\VIDEO_RGB\forehand_slice\p4_fslice_s1.avi
forehand_slice,p51_fslice_s2.avi,THETIS\VIDEO_RGB\forehand_slice\p51_fslice_s2.avi
forehand_slice,p52_fslice_s1.avi,THETIS\VIDEO_RGB\forehand_slice\p52_fslice_s1.avi
forehand_slice,p52_fslice_s2.avi,THETIS\VIDEO_RGB\forehand_slice\p52_fslice_s2.avi
forehand_slice,p52_fslice_s3.avi,THETIS\VIDEO_RGB\forehand_slice\p52_fslice_s3.avi
forehand_slice,p5_fslice_s3.avi,THETIS\VIDEO_RGB\forehand_slice\p5_fslice_s3.avi
forehand_slice,p7_fslice_s1.avi,THETIS\VIDEO_RGB\forehand_slice\p7_fslice_s1.avi
forehand_slice,p7_fslice_s2.avi,THETIS\VIDEO_RGB\forehand_slice\p7_fslice_s2.avi
forehand_slice,p7_fslice_s3.avi,THETIS\VIDEO_RGB\forehand_slice\p7_fslice_s3.avi
forehand_volley,p10_fvolley_s2.avi,THETIS\VIDEO_RGB\forehand_volley\p10_fvolley_s2.avi
forehand_volley,p13_fvolley_s1.avi,THETIS\VIDEO_RGB\forehand_volley\p13_fvolley_s1.avi
forehand_volley,p13_fvolley_s2.avi,THETIS\VIDEO_RGB\forehand_volley\p13_fvolley_s2.avi
forehand_volley,p13_fvolley_s3.avi,THETIS\VIDEO_RGB\forehand_volley\p13_fvolley_s3.avi
forehand_volley,p14_fvolley_s1.avi,THETIS\VIDEO_RGB\forehand_volley\p14_fvolley_s1.avi
forehand_volley,p14_fvolley_s2.avi,THETIS\VIDEO_RGB\forehand_volley\p14_fvolley_s2.avi
forehand_volley,p14_fvolley_s3.avi,THETIS\VIDEO_RGB\forehand_volley\p14_fvolley_s3.avi
forehand_volley,p16_fvolley_s3.avi,THETIS\VIDEO_RGB\forehand_volley\p16_fvolley_s3.avi
forehand_volley,p18_fvolley_s3.avi,THETIS\VIDEO_RGB\forehand_volley\p18_fvolley_s3.avi
forehand_volley,p1_fvolley_s2.avi,THETIS\VIDEO_RGB\forehand_volley\p1_fvolley_s2.avi
forehand_volley,p1_fvolley_s3.avi,THETIS\VIDEO_RGB\forehand_volley\p1_fvolley_s3.avi
forehand_volley,p20_fvolley_s1.avi,THETIS\VIDEO_RGB\forehand_volley\p20_fvolley_s1.avi
forehand_volley,p20_fvolley_s2.avi,THETIS\VIDEO_RGB\forehand_volley\p20_fvolley_s2.avi
forehand_volley,p20_fvolley_s3.avi,THETIS\VIDEO_RGB\forehand_volley\p20_fvolley_s3.avi
forehand_volley,p21_fvolley_s1.avi,THETIS\VIDEO_RGB\forehand_volley\p21_fvolley_s1.avi
forehand_volley,p21_fvolley_s2.avi,THETIS\VIDEO_RGB\forehand_volley\p21_fvolley_s2.avi
forehand_volley,p21_fvolley_s3.avi,THETIS\VIDEO_RGB\forehand_volley\p21_fvolley_s3.avi
forehand_volley,p22_fvolley_s1.avi,THETIS\VIDEO_RGB\forehand_volley\p22_fvolley_s1.avi
forehand_volley,p22_fvolley_s2.avi,THETIS\VIDEO_RGB\forehand_volley\p22_fvolley_s2.avi
forehand_volley,p22_fvolley_s3.avi,THETIS\VIDEO_RGB\forehand_volley\p22_fvolley_s3.avi
forehand_volley,p2_fvolley_s1.avi,THETIS\VIDEO_RGB\forehand_volley\p2_fvolley_s1.avi
forehand_volley,p2_fvolley_s2.avi,THETIS\VIDEO_RGB\forehand_volley\p2_fvolley_s2.avi
forehand_volley,p2_fvolley_s3.avi,THETIS\VIDEO_RGB\forehand_volley\p2_fvolley_s3.avi
forehand_volley,p30_fvolley_s3.avi,THETIS\VIDEO_RGB\forehand_volley\p30_fvolley_s3.avi
forehand_volley,p32_fvolley_s1.avi,THETIS\VIDEO_RGB\forehand_volley\p32_fvolley_s1.avi
forehand_volley,p33_fvolley_s1.avi,THETIS\VIDEO_RGB\forehand_volley\p33_fvolley_s1.avi
forehand_volley,p33_fvolley_s2.avi,THETIS\VIDEO_RGB\forehand_volley\p33_fvolley_s2.avi
forehand_volley,p33_fvolley_s3.avi,THETIS\VIDEO_RGB\forehand_volley\p33_fvolley_s3.avi
forehand_volley,p34_fvolley_s1.avi,THETIS\VIDEO_RGB\forehand_volley\p34_fvolley_s1.avi
forehand_volley,p34_fvolley_s2.avi,THETIS\VIDEO_RGB\forehand_volley\p34_fvolley_s2.avi
forehand_volley,p34_fvolley_s3.avi,THETIS\VIDEO_RGB\forehand_volley\p34_fvolley_s3.avi
forehand_volley,p35_fvolley_s1.avi,THETIS\VIDEO_RGB\forehand_volley\p35_fvolley_s1.avi
forehand_volley,p35_fvolley_s2.avi,THETIS\VIDEO_RGB\forehand_volley\p35_fvolley_s2.avi
forehand_volley,p35_fvolley_s3.avi,THETIS\VIDEO_RGB\forehand_volley\p35_fvolley_s3.avi
forehand_volley,p39_fvolley_s1.avi,THETIS\VIDEO_RGB\forehand_volley\p39_fvolley_s1.avi
forehand_volley,p39_fvolley_s2.avi,THETIS\VIDEO_RGB\forehand_volley\p39_fvolley_s2.avi
forehand_volley,p39_fvolley_s3.avi,THETIS\VIDEO_RGB\forehand_volley\p39_fvolley_s3.avi
forehand_volley,p3_fvolley_s1.avi,THETIS\VIDEO_RGB\forehand_volley\p3_fvolley_s1.avi
forehand_volley,p3_fvolley_s2.avi,THETIS\VIDEO_RGB\forehand_volley\p3_fvolley_s2.avi
forehand_volley,p40_fvolley_s1.avi,THETIS\VIDEO_RGB\forehand_volley\p40_fvolley_s1.avi
forehand_volley,p40_fvolley_s2.avi,THETIS\VIDEO_RGB\forehand_volley\p40_fvolley_s2.avi
forehand_volley,p40_fvolley_s3.avi,THETIS\VIDEO_RGB\forehand_volley\p40_fvolley_s3.avi
forehand_volley,p43_fvolley_s1.avi,THETIS\VIDEO_RGB\forehand_volley\p43_fvolley_s1.avi
forehand_volley,p43_fvolley_s2.avi,THETIS\VIDEO_RGB\forehand_volley\p43_fvolley_s2.avi
forehand_volley,p43_fvolley_s3.avi,THETIS\VIDEO_RGB\forehand_volley\p43_fvolley_s3.avi
forehand_volley,p45_fvolley_s1.avi,THETIS\VIDEO_RGB\forehand_volley\p45_fvolley_s1.avi
forehand_volley,p45_fvolley_s3.avi,THETIS\VIDEO_RGB\forehand_volley\p45_fvolley_s3.avi
forehand_volley,p51_fvolley_s1.avi,THETIS\VIDEO_RGB\forehand_volley\p51_fvolley_s1.avi
forehand_volley,p51_fvolley_s2.avi,THETIS\VIDEO_RGB\forehand_volley\p51_fvolley_s2.avi
forehand_volley,p51_fvolley_s3.avi,THETIS\VIDEO_RGB\forehand_volley\p51_fvolley_s3.avi
forehand_volley,p52_fvolley_s1.avi,THETIS\VIDEO_RGB\forehand_volley\p52_fvolley_s1.avi
forehand_volley,p52_fvolley_s2.avi,THETIS\VIDEO_RGB\forehand_volley\p52_fvolley_s2.avi
forehand_volley,p52_fvolley_s3.avi,THETIS\VIDEO_RGB\forehand_volley\p52_fvolley_s3.avi
forehand_volley,p53_fvolley_s2.avi,THETIS\VIDEO_RGB\forehand_volley\p53_fvolley_s2.avi
forehand_volley,p53_fvolley_s3.avi,THETIS\VIDEO_RGB\forehand_volley\p53_fvolley_s3.avi
forehand_volley,p7_fvolley_s2.avi,THETIS\VIDEO_RGB\forehand_volley\p7_fvolley_s2.avi
forehand_volley,p7_fvolley_s3.avi,THETIS\VIDEO_RGB\forehand_volley\p7_fvolley_s3.avi
flat_service,p13_serflat_s2.avi,THETIS\VIDEO_RGB\flat_service\p13_serflat_s2.avi
flat_service,p13_serflat_s3.avi,THETIS\VIDEO_RGB\flat_service\p13_serflat_s3.avi
flat_service,p14_serflat_s1.avi,THETIS\VIDEO_RGB\flat_service\p14_serflat_s1.avi
flat_service,p14_serflat_s2.avi,THETIS\VIDEO_RGB\flat_service\p14_serflat_s2.avi
flat_service,p14_serflat_s3.avi,THETIS\VIDEO_RGB\flat_service\p14_serflat_s3.avi
flat_service,p15_serflat_s1.avi,THETIS\VIDEO_RGB\flat_service\p15_serflat_s1.avi
flat_service,p15_serflat_s2.avi,THETIS\VIDEO_RGB\flat_service\p15_serflat_s2.avi
flat_service,p15_serflat_s3.avi,THETIS\VIDEO_RGB\flat_service\p15_serflat_s3.avi
flat_service,p16_serflat_s3.avi,THETIS\VIDEO_RGB\flat_service\p16_serflat_s3.avi
flat_service,p17_serflat_s1.avi,THETIS\VIDEO_RGB\flat_service\p17_serflat_s1.avi
flat_service,p17_serflat_s2.avi,THETIS\VIDEO_RGB\flat_service\p17_serflat_s2.avi
flat_service,p1_serflat_s1.avi,THETIS\VIDEO_RGB\flat_service\p1_serflat_s1.avi
flat_service,p1_serflat_s2.avi,THETIS\VIDEO_RGB\flat_service\p1_serflat_s2.avi
flat_service,p1_serflat_s3.avi,THETIS\VIDEO_RGB\flat_service\p1_serflat_s3.avi
flat_service,p20_serflat_s1.avi,THETIS\VIDEO_RGB\flat_service\p20_serflat_s1.avi
flat_service,p20_serflat_s2.avi,THETIS\VIDEO_RGB\flat_service\p20_serflat_s2.avi
flat_service,p20_serflat_s3.avi,THETIS\VIDEO_RGB\flat_service\p20_serflat_s3.avi
flat_service,p21_serflat_s1.avi,THETIS\VIDEO_RGB\flat_service\p21_serflat_s1.avi
flat_service,p21_serflat_s2.avi,THETIS\VIDEO_RGB\flat_service\p21_serflat_s2.avi
flat_service,p21_serflat_s3.avi,THETIS\VIDEO_RGB\flat_service\p21_serflat_s3.avi
flat_service,p22_serflat_s1.avi,THETIS\VIDEO_RGB\flat_service\p22_serflat_s1.avi
flat_service,p22_serflat_s2.avi,THETIS\VIDEO_RGB\flat_service\p22_serflat_s2.avi
flat_service,p22_serflat_s3.avi,THETIS\VIDEO_RGB\flat_service\p22_serflat_s3.avi
flat_service,p23_serflat_s2.avi,THETIS\VIDEO_RGB\flat_service\p23_serflat_s2.avi
flat_service,p23_serflat_s3.avi,THETIS\VIDEO_RGB\flat_service\p23_serflat_s3.avi
flat_service,p24_serflat_s3.avi,THETIS\VIDEO_RGB\flat_service\p24_serflat_s3.avi
flat_service,p25_serflat_s3.avi,THETIS\VIDEO_RGB\flat_service\p25_serflat_s3.avi
flat_service,p29_serflat_s1.avi,THETIS\VIDEO_RGB\flat_service\p29_serflat_s1.avi
flat_service,p29_serflat_s2.avi,THETIS\VIDEO_RGB\flat_service\p29_serflat_s2.avi
flat_service,p29_serflat_s3.avi,THETIS\VIDEO_RGB\flat_service\p29_serflat_s3.avi
flat_service,p2_serflat_s1.avi,THETIS\VIDEO_RGB\flat_service\p2_serflat_s1.avi
flat_service,p2_serflat_s2.avi,THETIS\VIDEO_RGB\flat_service\p2_serflat_s2.avi
flat_service,p2_serflat_s3.avi,THETIS\VIDEO_RGB\flat_service\p2_serflat_s3.avi
flat_service,p32_serflat_s3.avi,THETIS\VIDEO_RGB\flat_service\p32_serflat_s3.avi
flat_service,p33_serflat_s1.avi,THETIS\VIDEO_RGB\flat_service\p33_serflat_s1.avi
flat_service,p33_serflat_s2.avi,THETIS\VIDEO_RGB\flat_service\p33_serflat_s2.avi
flat_service,p34_serflat_s1.avi,THETIS\VIDEO_RGB\flat_service\p34_serflat_s1.avi
flat_service,p34_serflat_s2.avi,THETIS\VIDEO_RGB\flat_service\p34_serflat_s2.avi
flat_service,p34_serflat_s3.avi,THETIS\VIDEO_RGB\flat_service\p34_serflat_s3.avi
flat_service,p35_serflat_s1.avi,THETIS\VIDEO_RGB\flat_service\p35_serflat_s1.avi
flat_service,p35_serflat_s2.avi,THETIS\VIDEO_RGB\flat_service\p35_serflat_s2.avi
flat_service,p35_serflat_s3.avi,THETIS\VIDEO_RGB\flat_service\p35_serflat_s3.avi
flat_service,p36_serflat_s1.avi,THETIS\VIDEO_RGB\flat_service\p36_serflat_s1.avi
flat_service,p36_serflat_s2.avi,THETIS\VIDEO_RGB\flat_service\p36_serflat_s2.avi
flat_service,p36_serflat_s3.avi,THETIS\VIDEO_RGB\flat_service\p36_serflat_s3.avi
flat_service,p37_serflat_s1.avi,THETIS\VIDEO_RGB\flat_service\p37_serflat_s1.avi
flat_service,p37_serflat_s2.avi,THETIS\VIDEO_RGB\flat_service\p37_serflat_s2.avi
flat_service,p37_serflat_s3.avi,THETIS\VIDEO_RGB\flat_service\p37_serflat_s3.avi
flat_service,p38_serflat_s2.avi,THETIS\VIDEO_RGB\flat_service\p38_serflat_s2.avi
flat_service,p39_serflat_s1.avi,THETIS\VIDEO_RGB\flat_service\p39_serflat_s1.avi
flat_service,p39_serflat_s2.avi,THETIS\VIDEO_RGB\flat_service\p39_serflat_s2.avi
flat_service,p39_serflat_s3.avi,THETIS\VIDEO_RGB\flat_service\p39_serflat_s3.avi
flat_service,p3_serflat_s1.avi,THETIS\VIDEO_RGB\flat_service\p3_serflat_s1.avi
flat_service,p3_serflat_s2.avi,THETIS\VIDEO_RGB\flat_service\p3_serflat_s2.avi
flat_service,p3_serflat_s3.avi,THETIS\VIDEO_RGB\flat_service\p3_serflat_s3.avi
flat_service,p40_serflat_s3.avi,THETIS\VIDEO_RGB\flat_service\p40_serflat_s3.avi
flat_service,p43_serflat_s1.avi,THETIS\VIDEO_RGB\flat_service\p43_serflat_s1.avi
flat_service,p43_serflat_s2.avi,THETIS\VIDEO_RGB\flat_service\p43_serflat_s2.avi
flat_service,p43_serflat_s3.avi,THETIS\VIDEO_RGB\flat_service\p43_serflat_s3.avi
flat_service,p44_serflat_s1.avi,THETIS\VIDEO_RGB\flat_service\p44_serflat_s1.avi
flat_service,p46_serflat_s1.avi,THETIS\VIDEO_RGB\flat_service\p46_serflat_s1.avi
flat_service,p46_serflat_s3.avi,THETIS\VIDEO_RGB\flat_service\p46_serflat_s3.avi
flat_service,p48_serflat_s1.avi,THETIS\VIDEO_RGB\flat_service\p48_serflat_s1.avi
flat_service,p48_serflat_s2.avi,THETIS\VIDEO_RGB\flat_service\p48_serflat_s2.avi
flat_service,p48_serflat_s3.avi,THETIS\VIDEO_RGB\flat_service\p48_serflat_s3.avi
flat_service,p7_serflat_s1.avi,THETIS\VIDEO_RGB\flat_service\p7_serflat_s1.avi
flat_service,p7_serflat_s2.avi,THETIS\VIDEO_RGB\flat_service\p7_serflat_s2.avi
flat_service,p7_serflat_s3.avi,THETIS\VIDEO_RGB\flat_service\p7_serflat_s3.avi
flat_service,p9_serflat_s3.avi,THETIS\VIDEO_RGB\flat_service\p9_serflat_s3.avi
kick_service,p13_serkick_s1.avi,THETIS\VIDEO_RGB\kick_service\p13_serkick_s1.avi
kick_service,p13_serkick_s2.avi,THETIS\VIDEO_RGB\kick_service\p13_serkick_s2.avi
kick_service,p13_serkick_s3.avi,THETIS\VIDEO_RGB\kick_service\p13_serkick_s3.avi
kick_service,p14_serkick_s1.avi,THETIS\VIDEO_RGB\kick_service\p14_serkick_s1.avi
kick_service,p14_serkick_s2.avi,THETIS\VIDEO_RGB\kick_service\p14_serkick_s2.avi
kick_service,p14_serkick_s3.avi,THETIS\VIDEO_RGB\kick_service\p14_serkick_s3.avi
kick_service,p15_serkick_s2.avi,THETIS\VIDEO_RGB\kick_service\p15_serkick_s2.avi
kick_service,p15_serkick_s3.avi,THETIS\VIDEO_RGB\kick_service\p15_serkick_s3.avi
kick_service,p16_serkick_s1.avi,THETIS\VIDEO_RGB\kick_service\p16_serkick_s1.avi
kick_service,p16_serkick_s2.avi,THETIS\VIDEO_RGB\kick_service\p16_serkick_s2.avi
kick_service,p1_serkick_s1.avi,THETIS\VIDEO_RGB\kick_service\p1_serkick_s1.avi
kick_service,p1_serkick_s2.avi,THETIS\VIDEO_RGB\kick_service\p1_serkick_s2.avi
kick_service,p1_serkick_s3.avi,THETIS\VIDEO_RGB\kick_service\p1_serkick_s3.avi
kick_service,p20_serkick_s1.avi,THETIS\VIDEO_RGB\kick_service\p20_serkick_s1.avi
kick_service,p20_serkick_s2.avi,THETIS\VIDEO_RGB\kick_service\p20_serkick_s2.avi
kick_service,p20_serkick_s3.avi,THETIS\VIDEO_RGB\kick_service\p20_serkick_s3.avi
kick_service,p21_serkick_s1.avi,THETIS\VIDEO_RGB\kick_service\p21_serkick_s1.avi
kick_service,p21_serkick_s2.avi,THETIS\VIDEO_RGB\kick_service\p21_serkick_s2.avi
kick_service,p21_serkick_s3.avi,THETIS\VIDEO_RGB\kick_service\p21_serkick_s3.avi
kick_service,p22_serkick_s1.avi,THETIS\VIDEO_RGB\kick_service\p22_serkick_s1.avi
kick_service,p22_serkick_s2.avi,THETIS\VIDEO_RGB\kick_service\p22_serkick_s2.avi
kick_service,p22_serkick_s3.avi,THETIS\VIDEO_RGB\kick_service\p22_serkick_s3.avi
kick_service,p23_serkick_s3.avi,THETIS\VIDEO_RGB\kick_service\p23_serkick_s3.avi
kick_service,p24_serkick_s2.avi,THETIS\VIDEO_RGB\kick_service\p24_serkick_s2.avi
kick_service,p24_serkick_s3.avi,THETIS\VIDEO_RGB\kick_service\p24_serkick_s3.avi
kick_service,p26_serkick_s3.avi,THETIS\VIDEO_RGB\kick_service\p26_serkick_s3.avi
kick_service,p2_serkick_s1.avi,THETIS\VIDEO_RGB\kick_service\p2_serkick_s1.avi
kick_service,p2_serkick_s2.avi,THETIS\VIDEO_RGB\kick_service\p2_serkick_s2.avi
kick_service,p2_serkick_s3.avi,THETIS\VIDEO_RGB\kick_service\p2_serkick_s3.avi
kick_service,p32_serkick_s3.avi,THETIS\VIDEO_RGB\kick_service\p32_serkick_s3.avi
kick_service,p33_serkick_s1.avi,THETIS\VIDEO_RGB\kick_service\p33_serkick_s1.avi
kick_service,p33_serkick_s3.avi,THETIS\VIDEO_RGB\kick_service\p33_serkick_s3.avi
kick_service,p34_serkick_s1.avi,THETIS\VIDEO_RGB\kick_service\p34_serkick_s1.avi
kick_service,p34_serkick_s2.avi,THETIS\VIDEO_RGB\kick_service\p34_serkick_s2.avi
kick_service,p34_serkick_s3.avi,THETIS\VIDEO_RGB\kick_service\p34_serkick_s3.avi
kick_service,p35_serkick_s2.avi,THETIS\VIDEO_RGB\kick_service\p35_serkick_s2.avi
kick_service,p35_serkick_s3.avi,THETIS\VIDEO_RGB\kick_service\p35_serkick_s3.avi
kick_service,p36_serkick_s1.avi,THETIS\VIDEO_RGB\kick_service\p36_serkick_s1.avi
kick_service,p36_serkick_s2.avi,THETIS\VIDEO_RGB\kick_service\p36_serkick_s2.avi
kick_service,p36_serkick_s3.avi,THETIS\VIDEO_RGB\kick_service\p36_serkick_s3.avi
kick_service,p38_serkick_s1.avi,THETIS\VIDEO_RGB\kick_service\p38_serkick_s1.avi
kick_service,p38_serkick_s2.avi,THETIS\VIDEO_RGB\kick_service\p38_serkick_s2.avi
kick_service,p39_serkick_s2.avi,THETIS\VIDEO_RGB\kick_service\p39_serkick_s2.avi
kick_service,p39_serkick_s3.avi,THETIS\VIDEO_RGB\kick_service\p39_serkick_s3.avi
kick_service,p3_serkick_s1.avi,THETIS\VIDEO_RGB\kick_service\p3_serkick_s1.avi
kick_service,p3_serkick_s2.avi,THETIS\VIDEO_RGB\kick_service\p3_serkick_s2.avi
kick_service,p3_serkick_s3.avi,THETIS\VIDEO_RGB\kick_service\p3_serkick_s3.avi
kick_service,p40_serkick_s1.avi,THETIS\VIDEO_RGB\kick_service\p40_serkick_s1.avi
kick_service,p40_serkick_s2.avi,THETIS\VIDEO_RGB\kick_service\p40_serkick_s2.avi
kick_service,p40_serkick_s3.avi,THETIS\VIDEO_RGB\kick_service\p40_serkick_s3.avi
kick_service,p43_serkick_s1.avi,THETIS\VIDEO_RGB\kick_service\p43_serkick_s1.avi
kick_service,p43_serkick_s2.avi,THETIS\VIDEO_RGB\kick_service\p43_serkick_s2.avi
kick_service,p43_serkick_s3.avi,THETIS\VIDEO_RGB\kick_service\p43_serkick_s3.avi
kick_service,p46_serkick_s1.avi,THETIS\VIDEO_RGB\kick_service\p46_serkick_s1.avi
kick_service,p48_serkick_s2.avi,THETIS\VIDEO_RGB\kick_service\p48_serkick_s2.avi
kick_service,p52_serkick_s3.avi,THETIS\VIDEO_RGB\kick_service\p52_serkick_s3.avi
kick_service,p7_serkick_s1.avi,THETIS\VIDEO_RGB\kick_service\p7_serkick_s1.avi
kick_service,p7_serkick_s2.avi,THETIS\VIDEO_RGB\kick_service\p7_serkick_s2.avi
kick_service,p7_serkick_s3.avi,THETIS\VIDEO_RGB\kick_service\p7_serkick_s3.avi
kick_service,p9_serkick_s2.avi,THETIS\VIDEO_RGB\kick_service\p9_serkick_s2.avi
kick_service,p9_serkick_s3.avi,THETIS\VIDEO_RGB\kick_service\p9_serkick_s3.avi
slice_service,p14_serslice_s1.avi,THETIS\VIDEO_RGB\slice_service\p14_serslice_s1.avi
slice_service,p14_serslice_s2.avi,THETIS\VIDEO_RGB\slice_service\p14_serslice_s2.avi
slice_service,p14_serslice_s3.avi,THETIS\VIDEO_RGB\slice_service\p14_serslice_s3.avi
slice_service,p16_serslice_s2.avi,THETIS\VIDEO_RGB\slice_service\p16_serslice_s2.avi
slice_service,p16_serslice_s3.avi,THETIS\VIDEO_RGB\slice_service\p16_serslice_s3.avi
slice_service,p18_serslice_s2.avi,THETIS\VIDEO_RGB\slice_service\p18_serslice_s2.avi
slice_service,p18_serslice_s3.avi,THETIS\VIDEO_RGB\slice_service\p18_serslice_s3.avi
slice_service,p19_serslice_s1.avi,THETIS\VIDEO_RGB\slice_service\p19_serslice_s1.avi
slice_service,p1_serslice_s1.avi,THETIS\VIDEO_RGB\slice_service\p1_serslice_s1.avi
slice_service,p1_serslice_s2.avi,THETIS\VIDEO_RGB\slice_service\p1_serslice_s2.avi
slice_service,p1_serslice_s3.avi,THETIS\VIDEO_RGB\slice_service\p1_serslice_s3.avi
slice_service,p20_serslice_s1.avi,THETIS\VIDEO_RGB\slice_service\p20_serslice_s1.avi
slice_service,p20_serslice_s2.avi,THETIS\VIDEO_RGB\slice_service\p20_serslice_s2.avi
slice_service,p20_serslice_s3.avi,THETIS\VIDEO_RGB\slice_service\p20_serslice_s3.avi
slice_service,p21_serslice_s1.avi,THETIS\VIDEO_RGB\slice_service\p21_serslice_s1.avi
slice_service,p21_serslice_s2.avi,THETIS\VIDEO_RGB\slice_service\p21_serslice_s2.avi
slice_service,p21_serslice_s3.avi,THETIS\VIDEO_RGB\slice_service\p21_serslice_s3.avi
slice_service,p22_serslice_s1.avi,THETIS\VIDEO_RGB\slice_service\p22_serslice_s1.avi
slice_service,p22_serslice_s2.avi,THETIS\VIDEO_RGB\slice_service\p22_serslice_s2.avi
slice_service,p22_serslice_s3.avi,THETIS\VIDEO_RGB\slice_service\p22_serslice_s3.avi
slice_service,p23_serslice_s1.avi,THETIS\VIDEO_RGB\slice_service\p23_serslice_s1.avi
slice_service,p23_serslice_s2.avi,THETIS\VIDEO_RGB\slice_service\p23_serslice_s2.avi
slice_service,p23_serslice_s3.avi,THETIS\VIDEO_RGB\slice_service\p23_serslice_s3.avi
slice_service,p2_serslice_s1.avi,THETIS\VIDEO_RGB\slice_service\p2_serslice_s1.avi
slice_service,p2_serslice_s2.avi,THETIS\VIDEO_RGB\slice_service\p2_serslice_s2.avi
slice_service,p2_serslice_s3.avi,THETIS\VIDEO_RGB\slice_service\p2_serslice_s3.avi
slice_service,p30_serslice_s1.avi,THETIS\VIDEO_RGB\slice_service\p30_serslice_s1.avi
slice_service,p30_serslice_s2.avi,THETIS\VIDEO_RGB\slice_service\p30_serslice_s2.avi
slice_service,p33_serslice_s2.avi,THETIS\VIDEO_RGB\slice_service\p33_serslice_s2.avi
slice_service,p33_serslice_s3.avi,THETIS\VIDEO_RGB\slice_service\p33_serslice_s3.avi
slice_service,p34_serslice_s3.avi,THETIS\VIDEO_RGB\slice_service\p34_serslice_s3.avi
slice_service,p35_serslice_s1.avi,THETIS\VIDEO_RGB\slice_service\p35_serslice_s1.avi
slice_service,p35_serslice_s2.avi,THETIS\VIDEO_RGB\slice_service\p35_serslice_s2.avi
slice_service,p35_serslice_s3.avi,THETIS\VIDEO_RGB\slice_service\p35_serslice_s3.avi
slice_service,p37_serslice_s1.avi,THETIS\VIDEO_RGB\slice_service\p37_serslice_s1.avi
slice_service,p37_serslice_s2.avi,THETIS\VIDEO_RGB\slice_service\p37_serslice_s2.avi
slice_service,p37_serslice_s3.avi,THETIS\VIDEO_RGB\slice_service\p37_serslice_s3.avi
slice_service,p39_serslice_s1.avi,THETIS\VIDEO_RGB\slice_service\p39_serslice_s1.avi
slice_service,p39_serslice_s2.avi,THETIS\VIDEO_RGB\slice_service\p39_serslice_s2.avi
slice_service,p39_serslice_s3.avi,THETIS\VIDEO_RGB\slice_service\p39_serslice_s3.avi
slice_service,p3_serslice_s3.avi,THETIS\VIDEO_RGB\slice_service\p3_serslice_s3.avi
slice_service,p40_serslice_s1.avi,THETIS\VIDEO_RGB\slice_service\p40_serslice_s1.avi
slice_service,p40_serslice_s3.avi,THETIS\VIDEO_RGB\slice_service\p40_serslice_s3.avi
slice_service,p43_serslice_s1.avi,THETIS\VIDEO_RGB\slice_service\p43_serslice_s1.avi
slice_service,p48_serslice_s1.avi,THETIS\VIDEO_RGB\slice_service\p48_serslice_s1.avi
slice_service,p48_serslice_s2.avi,THETIS\VIDEO_RGB\slice_service\p48_serslice_s2.avi
slice_service,p6_serslice_s1.avi,THETIS\VIDEO_RGB\slice_service\p6_serslice_s1.avi
slice_service,p7_serslice_s1.avi,THETIS\VIDEO_RGB\slice_service\p7_serslice_s1.avi
slice_service,p7_serslice_s2.avi,THETIS\VIDEO_RGB\slice_service\p7_serslice_s2.avi
slice_service,p7_serslice_s3.avi,THETIS\VIDEO_RGB\slice_service\p7_serslice_s3.avi
smash,p13_smash_s3.avi,THETIS\VIDEO_RGB\smash\p13_smash_s3.avi
smash,p14_smash_s1.avi,THETIS\VIDEO_RGB\smash\p14_smash_s1.avi
smash,p14_smash_s2.avi,THETIS\VIDEO_RGB\smash\p14_smash_s2.avi
smash,p14_smash_s3.avi,THETIS\VIDEO_RGB\smash\p14_smash_s3.avi
smash,p16_smash_s2.avi,THETIS\VIDEO_RGB\smash\p16_smash_s2.avi
smash,p17_smash_s1.avi,THETIS\VIDEO_RGB\smash\p17_smash_s1.avi
smash,p17_smash_s2.avi,THETIS\VIDEO_RGB\smash\p17_smash_s2.avi
smash,p17_smash_s3.avi,THETIS\VIDEO_RGB\smash\p17_smash_s3.avi
smash,p18_smash_s1.avi,THETIS\VIDEO_RGB\smash\p18_smash_s1.avi
smash,p18_smash_s2.avi,THETIS\VIDEO_RGB\smash\p18_smash_s2.avi
smash,p18_smash_s3.avi,THETIS\VIDEO_RGB\smash\p18_smash_s3.avi
smash,p1_smash_s1.avi,THETIS\VIDEO_RGB\smash\p1_smash_s1.avi
smash,p1_smash_s2.avi,THETIS\VIDEO_RGB\smash\p1_smash_s2.avi
smash,p1_smash_s3.avi,THETIS\VIDEO_RGB\smash\p1_smash_s3.avi
smash,p20_smash_s1.avi,THETIS\VIDEO_RGB\smash\p20_smash_s1.avi
smash,p20_smash_s2.avi,THETIS\VIDEO_RGB\smash\p20_smash_s2.avi
smash,p20_smash_s3.avi,THETIS\VIDEO_RGB\smash\p20_smash_s3.avi
smash,p21_smash_s1.avi,THETIS\VIDEO_RGB\smash\p21_smash_s1.avi
smash,p21_smash_s2.avi,THETIS\VIDEO_RGB\smash\p21_smash_s2.avi
smash,p21_smash_s3.avi,THETIS\VIDEO_RGB\smash\p21_smash_s3.avi
smash,p22_smash_s1.avi,THETIS\VIDEO_RGB\smash\p22_smash_s1.avi
smash,p22_smash_s2.avi,THETIS\VIDEO_RGB\smash\p22_smash_s2.avi
smash,p22_smash_s3.avi,THETIS\VIDEO_RGB\smash\p22_smash_s3.avi
smash,p24_smash_s3.avi,THETIS\VIDEO_RGB\smash\p24_smash_s3.avi
smash,p2_smash_s1.avi,THETIS\VIDEO_RGB\smash\p2_smash_s1.avi
smash,p2_smash_s2.avi,THETIS\VIDEO_RGB\smash\p2_smash_s2.avi
smash,p2_smash_s3.avi,THETIS\VIDEO_RGB\smash\p2_smash_s3.avi
smash,p31_smash_s1.avi,THETIS\VIDEO_RGB\smash\p31_smash_s1.avi
smash,p31_smash_s3.avi,THETIS\VIDEO_RGB\smash\p31_smash_s3.avi
smash,p32_smash_s3.avi,THETIS\VIDEO_RGB\smash\p32_smash_s3.avi
smash,p34_smash_s1.avi,THETIS\VIDEO_RGB\smash\p34_smash_s1.avi
smash,p35_smash_s1.avi,THETIS\VIDEO_RGB\smash\p35_smash_s1.avi
smash,p35_smash_s2.avi,THETIS\VIDEO_RGB\smash\p35_smash_s2.avi
smash,p37_smash_s1.avi,THETIS\VIDEO_RGB\smash\p37_smash_s1.avi
smash,p37_smash_s2.avi,THETIS\VIDEO_RGB\smash\p37_smash_s2.avi
smash,p38_smash_s3.avi,THETIS\VIDEO_RGB\smash\p38_smash_s3.avi
smash,p39_smash_s1.avi,THETIS\VIDEO_RGB\smash\p39_smash_s1.avi
smash,p39_smash_s2.avi,THETIS\VIDEO_RGB\smash\p39_smash_s2.avi
smash,p39_smash_s3.avi,THETIS\VIDEO_RGB\smash\p39_smash_s3.avi
smash,p40_smash_s1.avi,THETIS\VIDEO_RGB\smash\p40_smash_s1.avi
smash,p40_smash_s2.avi,THETIS\VIDEO_RGB\smash\p40_smash_s2.avi
smash,p40_smash_s3.avi,THETIS\VIDEO_RGB\smash\p40_smash_s3.avi
smash,p43_smash_s1.avi,THETIS\VIDEO_RGB\smash\p43_smash_s1.avi
smash,p43_smash_s2.avi,THETIS\VIDEO_RGB\smash\p43_smash_s2.avi
smash,p43_smash_s3.avi,THETIS\VIDEO_RGB\smash\p43_smash_s3.avi
smash,p46_smash_s2.avi,THETIS\VIDEO_RGB\smash\p46_smash_s2.avi
smash,p46_smash_s3.avi,THETIS\VIDEO_RGB\smash\p46_smash_s3.avi
smash,p48_smash_s1.avi,THETIS\VIDEO_RGB\smash\p48_smash_s1.avi
smash,p48_smash_s2.avi,THETIS\VIDEO_RGB\smash\p48_smash_s2.avi
smash,p48_smash_s3.avi,THETIS\VIDEO_RGB\smash\p48_smash_s3.avi
smash,p4_smash_s1.avi,THETIS\VIDEO_RGB\smash\p4_smash_s1.avi
smash,p7_smash_s1.avi,THETIS\VIDEO_RGB\smash\p7_smash_s1.avi
smash,p7_smash_s2.avi,THETIS\VIDEO_RGB\smash\p7_smash_s2.avi
smash,p7_smash_s3.avi,THETIS\VIDEO_RGB\smash\p7_smash_s3.avi
